id,created_at,text
900175553201938432,2017-08-23 01:59:10,"RT @24HorasTVN: Partido Uni√≥n Patri√≥tica inscribi√≥ sus candidatos para senadores, diputados y Core ‚Üí https://t.co/E65kyj5mj9 https://t.co/t‚Ä¶"
900173517681037312,2017-08-23 01:51:05,RT @PabloSanmartinm: Eduardo Art√©s: ‚ÄúLa √∫nica candidatura de izquierda es la nuestra‚Äù https://t.co/GTnQR9P9QQ v√≠a @uchileradio
900173461246619649,2017-08-23 01:50:52,RT @nuestrocanto: Eduardo Art√©s: el octavo candidato presidencial | Tele 13 https://t.co/frev4ipNOQ @eduardo_artes v√≠a @T13
900163666640871424,2017-08-23 01:11:57,RT @1949QN2: YA LO DECID√ç: EDUARDO ART√âS ES MI CANDIDATO PRESIDENCIAL.
900163576714981378,2017-08-23 01:11:35,RT @rberrioss: Eduardo Art√©s mi candidato a la Presidencia.
900163502085742592,2017-08-23 01:11:17,"RT @INDGJMC: Grande Eduardo Art√©s Brichetti , tienes mi voto."
900136502134546433,2017-08-22 23:24:00,RT @marcatuvoto: Saludamos inscripci√≥n de @eduardo_artes. Invitamos desde hoy a #CandidatosPorAC al Congreso a sumarse en  https://t.co/PtQ‚Ä¶
900136402981183489,2017-08-22 23:23:36,"RT @ElPaisCL: Eduardo Art√©s, el candidato presidencial que quiere ""hacerle un gallito"" al poder https://t.co/gmo21Eok4k V√≠a ADN Radio Chile"
900136321515229184,2017-08-22 23:23:17,"RT @borisalexisdiaz: Eduardo Art√©s, el candidato presidencial de los trabajadores  https://t.co/iQDjjb1lHz v√≠a @adnradiochile"
900136295074287616,2017-08-22 23:23:11,"RT @IturrietaR: Eduardo Art√©s, el candidato presidencial que quiere 'hacerle un gallito' al poder  https://t.co/c2fIh28Igl v√≠a @adnradiochi‚Ä¶"
900135677987368960,2017-08-22 23:20:44,RT @profe_fabi: TV chilena oculta candidatura presidencial de izquierda antiyanky de @eduardo_artes. unionpatriotica.cl #YoEstoyConArt√©s
899434452170014720,2017-08-21 00:54:18,RT @rismendi: @TVN discrimina la candidatura de @eduardo_artes Triste y vergonzoso que en Chile todav√≠a impere la dictadura de Pinochet. #A‚Ä¶
897991607953346560,2017-08-17 01:20:57,RT @nuestrocanto: Entrevista a Eduardo Art√©s en el programa CONTACTO CIUDADANO DOMINGO 13 AGOSTO https://t.co/uVa6nErdLL @chile_upa @eduard‚Ä¶
897991582779154432,2017-08-17 01:20:51,"RT @CPCiudadano: NACIONAL:EDUARDO ARTES  ,UNION PATRIOTICA SURGE COMO ALTERNATIVA PRESIDENCIAL ANTE EL QUIEBRE DEL FRENTE¬†AMPLIO. https://t‚Ä¶"
897249460165648384,2017-08-15 00:11:56,"RT @NoticieroLatin0: Eduardo Art√©s: ""Queremos que Chile sea realmente independiente"" - https://t.co/7NPpfR59rC"
897249405849436160,2017-08-15 00:11:43,"RT @ChileFlash: Eduardo Art√©s: ""Queremos que #Chile sea realmente independiente"" :...https://t.co/HdCBa0Tk6i"
897249289843421184,2017-08-15 00:11:15,RT @solvallerios: Estar√°n @BeaSanchezYTu @marcoporchile @eduardo_artes en #DebateSalud üëèüëèüëèFALTAN @carolinagoic @sebastianpinera @felipekast‚Ä¶
896961389599879168,2017-08-14 05:07:14,"RT @eldia_cl: Eduardo Art√©s, candidato presidencial: ""Queremos que Chile sea realmente independiente"". https://t.co/ErH0oIVLr3 üó≥ #ElD√≠aElig‚Ä¶"
895806420003692544,2017-08-11 00:37:48,RT @pcap_chile: Movimiento Avanzar y otras organizaciones se suman a la candidatura √∫nica de izquierda de Eduardo Art√©s https://t.co/xy3hOf‚Ä¶
895314199202603009,2017-08-09 16:01:53,"RT @CNT_NOmasAFP: Nuestra propuesta es seria y aplicable hoy, mejorando sustancialmente las pensiones de pensionados/as. Hoy, junto a candi‚Ä¶"
895314170316324867,2017-08-09 16:01:46,RT @CNT_NOmasAFP: Con Eduardo Art√©s continuamos con la presentaci√≥n de nuestra propuesta provisional a los candidatos a la presidencia http‚Ä¶
895313968444563458,2017-08-09 16:00:58,RT @durasnochacal: La candidatura de Eduardo Art√©s es sin vacilaciones y la m√°s firme pol√≠ticamente
895312203141844992,2017-08-09 15:53:57,"RT @ChileUpa: Fruct√≠fera Reuni√≥n de la directiva de Uni√≥n Patri√≥tica candidato presidencial Eduardo Art√©s y el dirigente del mov. NO + AFP,‚Ä¶"
894317926601428994,2017-08-06 22:03:03,"RT @IVAN_ANTONIO: https://t.co/w98pCDUxzl Eduardo Artes, Candidato Presidencial de Izquierda."
894317835291439104,2017-08-06 22:02:42,RT @eldesconcierto: VIDEO| ‚ÄúEste debate est√° mal hecho‚Äù: La indignaci√≥n de Eduardo Art√©s con CNN en pleno programa sobre Venezuela https://‚Ä¶
893525069586214912,2017-08-04 17:32:32,"RT @biobio: üìª ESCUCHA AHORA en #ExpresoB√≠oB√≠o: hablamos con Eduardo Art√©s, candidato presidencial de la Uni√≥n Patri√≥tica https://t.co/uAm8o‚Ä¶"
893524998043959296,2017-08-04 17:32:15,RT @biobio: Eduardo Art√©s se inscribe como candidato presidencial : La nueva mayor√≠a no es izquierda https://t.co/b6YDOch9ry https://t.co/l‚Ä¶
893524951390662656,2017-08-04 17:32:03,RT @IndignadosRed: Eduardo Art√©s: ‚ÄúLa √∫nica candidatura presidencial de izquierda es la nuestra‚Äù https://t.co/ETDZnwcnbU v√≠a @uchileradio
893274564268097536,2017-08-04 00:57:07,"RT @Jano_Oyarzun: Candidato a presidente Eduardo Artes, dice ""renacionalizaci√≥n del cobre, recuperaci√≥n de las carreteras"""
893272142757863429,2017-08-04 00:47:29,"RT @gaaatoso: @eduardo_artes en Radio BioBio: viernes 4 de agosto, 10:40 hrs., programa Expreso BioBio, se√±al online: https://t.co/EFTzR8n9‚Ä¶"
851242977926287361,2017-04-10 01:18:35,Precandidato presidencial de UPA: El principal eje es lograr la independencia del pa√≠s https://t.co/Hb1iOPwdu1
850344614028607488,2017-04-07 13:48:49,Toda la Solidaridad con el Pueblo y Gobierno Sirio https://t.co/KF0byvKvx0
848084097201315840,2017-04-01 08:06:20,31 MAR 2017 Entrevista Candidato presidencial Eduardo Art√©s https://t.co/yTgr12nMKF v√≠a @YouTube
847636608631177219,2017-03-31 02:28:10,Fuera la Injerencia Imperialista de Venezuela https://t.co/nIHb0aAYxf
843634875152371713,2017-03-20 01:26:42,"Eduardo Artes: "" Uni√≥n Patri√≥tica UPA es lo nuevo y particularmente una voz en sinfon√≠a con la rabia acumulada "" https://t.co/5ihARHPlgf"
843634020751740929,2017-03-20 01:23:19,Uni√≥n Patri√≥tica sigue sumando adherentes y creciendo desde el desconten... https://t.co/QsLTJb7MSS v√≠a @YouTube
841615541802524672,2017-03-14 11:42:36,El camino de construcci√≥n de UPA sigue firme https://t.co/X23VelOO4A
833680889334861824,2017-02-20 14:13:07,"Rino Island : Eduardo Art√©s Brichetti, Presidente Partido Uni√≥n ... https://t.co/EKxBsCN1Y2"
820994137415647232,2017-01-16 14:00:30,Marcha 15 de enero con la comunidad de inmigrantes https://t.co/fX2lh7itzx v√≠a @YouTube
820249991423950848,2017-01-14 12:43:32,La opini√≥n de Eduardo Art√©s https://t.co/SAVO0fzIH2 v√≠a @YouTube
818296832145158149,2017-01-09 03:22:22,Interveci√≥n de Eduardo Art√©s en Asamblea Regional UPA 06 enero de 2017 https://t.co/9e8FzqpAQ4 v√≠a @YouTube
815038015286415361,2016-12-31 03:33:00,La opini√≥n de Eduardo Art√©s https://t.co/ydLNjtJ8Ws v√≠a @infogatecl
814653725411311616,2016-12-30 02:05:58,EDUARDO ARTES 28 DIC  1 PGM https://t.co/raxqsAHncA v√≠a @YouTube
813940317619716098,2016-12-28 02:51:08,Entrega de juguetes campamento La Isla https://t.co/XmmxSGOtZg v√≠a @YouTube
813043853649448961,2016-12-25 15:28:54,RT @eduardo_artes: Deben hacerlo ¬°ahora! https://t.co/DgbN9cXaJx
813043565504897026,2016-12-25 15:27:46,Deben hacerlo ¬°ahora! https://t.co/DgbN9cXaJx
813043359531016192,2016-12-25 15:26:57,"#terremoto abrazo a los compatriotas del sur. FFAA en  comunicaciones, transporte, hospitales y carpas ahora al servicio de damnificados!"
812414539291643905,2016-12-23 21:48:14,e https://t.co/bbZAZgLOZ4 v√≠a @YouTube
811668279622254592,2016-12-21 20:22:52,"Saludo desde Alemania al UPA y su candidato presidencial, Eduardo Art√©s ... https://t.co/bcCWtTEdVD v√≠a @YouTube"
811416623114571776,2016-12-21 03:42:52,"Saludo desde Alemania al UPA y su candidato presidencial, Eduardo Art√©s ... https://t.co/bcCWtTEdVD v√≠a @YouTube"
810813383180255232,2016-12-19 11:45:49,Mitin SIRIA https://t.co/Ya8hLrna9H v√≠a @YouTube
810812951758311426,2016-12-19 11:44:06,12 DIC 2016 EXITOSO ENCUENTRO DE LOS PUEBLOS EFECTUADO EN SAN ANTONIO https://t.co/uUnz0bD7rM v√≠a @YouTube
809411081869344770,2016-12-15 14:53:34,"RT @eduardo_artes: Mu√±eca inflable. muestra de la podredumbre y miseria mental de los oligarcas y sus empleados pol√≠ticos, en todo muestran‚Ä¶"
809385658821341184,2016-12-15 13:12:33,"Mu√±eca inflable. muestra de la podredumbre y miseria mental de los oligarcas y sus empleados pol√≠ticos, en todo muestran las orejas de burro"
806908601361166337,2016-12-08 17:09:36,Eduardo Artes en 7 Encuentro de EX PPR Lima Peru https://t.co/ik8lmQ0fK7 v√≠a @YouTube
806145038233247745,2016-12-06 14:35:29,25 NOV 2016 ENTREVISTA CANDIDATO PRESIDENCIAL EDUARDO ARTES https://t.co/f3elMd74yV v√≠a @YouTube
806108595167367168,2016-12-06 12:10:40,La opini√≥n de Eduardo Art√©s https://t.co/ByrZkWy23Y v√≠a @YouTube
806108446965829634,2016-12-06 12:10:05,La opini√≥n de Eduardo Art√©s https://t.co/WUx503RITP v√≠a @YouTube
806107766699999232,2016-12-06 12:07:22,"Vigilia por la paz 29 Nov 2016, Francf√≥r - Alemania https://t.co/abm77IIx1P v√≠a @YouTube"
802556544680280064,2016-11-26 16:56:05,Eduardo Art√©s Brichetti: ‚ÄúAqu√≠ hay cosas sociales que no pueden estar en el vaiv√©n del mercado‚Äù https://t.co/cT1R8GUSES
802491096639094784,2016-11-26 12:36:01,"Fidel Castro VIVE y VIVIR√Å en la lucha por la autodeterminaci√≥n, libertad y el socialismo que reclama nuestros tiempos. UPA!!"
802442219647070208,2016-11-26 09:21:48,25 NOV 2016 ENTREVISTA CANDIDATO PRESIDENCIAL EDUARDO ARTES https://t.co/f3elMd74yV v√≠a @YouTube
802163180671733764,2016-11-25 14:53:00,RT @ChileUpa: Con @eduardo_artes en entrevista en @lidersanantonio sobre candidatura presidencial de Uni√≥n Patri√≥tica. Por un Chile popular‚Ä¶
801944979270729728,2016-11-25 00:25:57,La opini√≥n de Eduardo Art√©s https://t.co/WUx503RITP v√≠a @YouTube
801899768242913284,2016-11-24 21:26:17,RT @infogatecl: Opini√≥n:El candidato presidencial #UPA habla de las elecciones y la posici√≥n de su partido @chile_upa @eduardo_artes https:‚Ä¶
801579422080004096,2016-11-24 00:13:21,RT @sgomezceledon: Opini√≥n de @eduardo_artes sobre #Uni√≥nPatri√≥tica @chile_upa https://t.co/MKLpf1lC2a v√≠a @infogatecl @profe_fabi @Ferberm‚Ä¶
801579370687197184,2016-11-24 00:13:09,"RT @eduardo_artes: Insulza MAFIOSO de marca mayor, ""socioslistos"" tratan de sacar ganancia en la crisis-podredumbre de la MAFIA!"
801578500389998593,2016-11-24 00:09:41,"Insulza MAFIOSO de marca mayor, ""socioslistos"" tratan de sacar ganancia en la crisis-podredumbre de la MAFIA!"
800744898303578117,2016-11-21 16:57:15,ASAMBLEA REGIONAL UPA https://t.co/grFYPP6eQQ
800742582208888832,2016-11-21 16:48:03,Atinado https://t.co/jdBG15FT4U
800492166929907712,2016-11-21 00:12:59,Jajaja: Bachelet dice que su equipo pol√≠tico esta extraordinariamente bien! c√≥mo ser√≠a si estuviera mal NO MAS MAFIA!
799214512180228096,2016-11-17 11:36:03,"La MAFIA (Nv. Mayor√≠a- Chile Vamos) la hizo otra vez, reajuste MISERABLE! a refundar CHILE!!"
798310661495209984,2016-11-14 23:44:28,La opini√≥n de Eduardo Art√©s https://t.co/ByrZkWPCVw v√≠a @YouTube
797537098618249217,2016-11-12 20:30:36,La opini√≥n de Sergio G√≥mez https://t.co/r1vkjTrXNE v√≠a @YouTube
796870383358111744,2016-11-11 00:21:19,RT @infogatecl: Estamos con @eduardo_artes grabando una nueva opini√≥n y pronto disponible en nuestro portal @chile_upa @sgomezceledon https‚Ä¶
796808383642959872,2016-11-10 20:14:57,RT @sgomezceledon: Quieres saber m√°s de @chile_upa pronto en @infogatecl @eduardo_artes #PresidenteChile2017 y #SergioG√≥mez #UPAprovidencia‚Ä¶
796323613783756800,2016-11-09 12:08:39,RT @RecabarrenLuisE: Recuperar #Chile est√° en tus manos. #Art√©sPresidente https://t.co/kvGN1oa1ZU
795734968257409025,2016-11-07 21:09:35,"En Octubre todos los fondos sufrieron perdidas, es decir, los trabajadores pierden su dinero y las AFPs siguen con utilidades."
795455858075463681,2016-11-07 02:40:30,De vocero de las ISAPRES a candidato de la MAFIA https://t.co/ZJVDkFyJZk
794572991275429888,2016-11-04 16:12:18,RT @sgomezceledon: Nuestro candidato Presidencial @eduardo_artes @chile_upa #NOMasAFPs #ParoNacional #NoAlDuopolio @editordelmedio @eldesco‚Ä¶
794572891618766848,2016-11-04 16:11:54,RT @chile_upa: #NOMasAFPs grita la inmensa mayor√≠a de los Chilenos y el gobierno defiende al 1% que lucra con la miseria de nuestros ancian‚Ä¶
794523582454001665,2016-11-04 12:55:58,"Tvn, Mega, la red, canal 13... etc. presentan pel√≠cula de vampiros para desvirtuar al  Paro NO+AFP, SIRVIENTE DE LAS AFP!, a la calle ¬°UPA!"
794210891814289408,2016-11-03 16:13:26,RT @RecabarrenLuisE: RT #YoParoEl4 @NOmasAFP @LuisMesina1 @eduardo_artes  @doris_gonzalez_ @MaxQuitral @atilio_herrera @Carlos92_Ast @Gaspa‚Ä¶
794210861418160129,2016-11-03 16:13:19,"RT @sgomezceledon: Se vienen las presidenciales y con @chile_upa seguimos en la misma, con @eduardo_artes como propuesta https://t.co/nuSbD‚Ä¶"
792836487326859269,2016-10-30 21:12:03,"Las elecciones municipales nos permitieron  presentarnos, ahora vamos con y desde la gente , por TODO, por el Gobie‚Ä¶ https://t.co/vRWikHNb8I"
792835649737031680,2016-10-30 21:08:43,Cotizaciones y aportes https://t.co/J2DzXkSgKa
792540150240841730,2016-10-30 01:34:31,"RT @ActualidadRT: Putin: ""Rusia no planea atacar a nadie: eso es rid√≠culo, absurdo e impensable"" (Video) https://t.co/EMBAwrYPTN https://t.‚Ä¶"
789910329945911297,2016-10-22 19:24:33,#Municipales2016 Los que gobiernan no de presentan a las elecciones. Ma√±ana todo Chile dice #QueLosVecinosGanen #MunicipiosCiudadanos ListaR
789908508183556096,2016-10-22 19:17:18,RT @Ferbermello: #Municipales2016 ma√±ana decidimos por el cambio para nuestras comunas #QueLosVecinosGanen  #Conchali R60
789908470711644160,2016-10-22 19:17:09,RT @chile_upa: #VotaChile2016 depende de nosotras y nosotros decirle chao a la mafia e instalar municipios ciudadanos. Lista R #QueLosVecin‚Ä¶
789908309465784320,2016-10-22 19:16:31,#QueLosVecinosGanen ma√±ana comienza a forjarse un nuevo Chile. El cambio y la esperanza para parar los abusos #ListaR #Municipales2016
786275977823268864,2016-10-12 18:42:56,"CNN Chile nuestra a todos los partidos y grupos algunos menos a UNI√ìN PATRI√ìTICA UPA, ocultamiento descarado.¬°Miserables!"
785143718932279296,2016-10-09 15:43:44,"Comunicado de Prensa, Contra los Corruptos del Duopolio https://t.co/jW4Sbx8ByR"
780231814455648256,2016-09-26 02:25:35,"https://t.co/wT79cTfaFP contra la mafia, por una Patria Nueva!!"
780059377860538370,2016-09-25 15:00:23,"TVN Estado nacional dan espacio a F. Kast,EVOPOLIS con menos firmas que UNI√ìN PATRI√ìTICA que es ocultada = a nuestra cand a presidencial"
779424273068851200,2016-09-23 20:56:42,"Los chantas con muchas lucas publicas y de los poderosos a nosotros nos quitaron hasta las murallas,¬øIGUALDAD en las elecciones?"
779058547715870721,2016-09-22 20:43:26,"Buena acogida en la gente, de los medios NO SE ESCUCHA PADRE! no esper√°bamos otra cosa, lo que importa es la gente‚Ä¶ https://t.co/MHHU1r7dhV"
778593430410780672,2016-09-21 13:55:14,"https://t.co/UyBrCv2imN A encartar a las mayor√≠as, a golpear hasta destruir al duopolio, a la MAFIA ¬°a vencer!"
777882375032283137,2016-09-19 14:49:45,"#FelizLunes despu√©s de un TEDEUM lleno de poses y miradas chantas sobre los abusos y corrupci√≥n, poco les queda, la gente NO es tonta! ¬°UPA!"
777669489332715524,2016-09-19 00:43:49,Es la hora de la gente y no los chantas mal olientes! https://t.co/c5bHMGWF81
777612832003227648,2016-09-18 20:58:41,"mmm  los vende patria, la MAFIA vestidos de gala celebrando la independencia ¬°pat√©ticos!"
777578241653694464,2016-09-18 18:41:14,No nos hemos movilizado tanto para que el que asuma el gobierno un chanta como Lagos o Pi√±era.
776165806090686464,2016-09-14 21:08:43,"https://t.co/dHyRajCtmw buen articulo, a tenerlo presente cuando la MAFIA justifique la miseria con la ""crisis""."
776143525280882688,2016-09-14 19:40:11,#cosastipicasDel18 o de una mas de la MAFIA: ¬°Los honrables parlamentarios se tomaron vacaciones hasta el 27 de sept! cara de .....
773986136909905922,2016-09-08 20:47:29,VIDEO: Opini√≥n de Eduardo Art√©s en Telesur sobre la situaci√≥n interna de Venezuela https://t.co/5sCk3SK0LP
773624506229350401,2016-09-07 20:50:30,Recuperemos los derechos de agua de Santiago https://t.co/Oouiax3HXC v√≠a @YouTube
773454141897248769,2016-09-07 09:33:32,Extracto discurso de Eduardo Art√©s en Encuentro Nacional de UPA https://t.co/oKQdd0bhQG v√≠a @YouTube
773365486528634880,2016-09-07 03:41:15,Encuentro nacional de UPA https://t.co/mLsn61NPNL v√≠a @YouTube
773350934369959936,2016-09-07 02:43:25,Video motivacional UPA https://t.co/rpFEQZZkl5 v√≠a @YouTube
772194492262875138,2016-09-03 22:08:08,RT @profe_fabi: @profe_fabi https://t.co/GZrtIAsjkj
771850896468799488,2016-09-02 23:22:48,https://t.co/ktGtYEDZHG
771754096793640960,2016-09-02 16:58:09,"Ricardo Lagos con el aval de Bachet se propone para sacrificarse y ser candidato a a la presidencia, se suma a Pi√±era defendiendo la MAFIA."
770327872636608512,2016-08-29 18:30:51,#LosTenores de mas de lo mismo se esfuman compartiendo https://t.co/0r93cFiy6n NO al blanqueo de la MAFIA
770323128534855682,2016-08-29 18:12:00,"#HayCosasTristesY JUAN GABRIEL su muerte tiene tristes a los medios, bien ¬øel asesinato de 43 estudiantes mexicanos nos los puso triste?"
770321164161941504,2016-08-29 18:04:12,Terminar con clase de filosof√≠a es de cavernarios https://t.co/fDs9aCWR2Q
768845022410207232,2016-08-25 16:18:32,#felizjueves en Santiago tenemos alternativa a la podredumbre https://t.co/Z6uMJzhDtS
768418803852115968,2016-08-24 12:04:54,"FelizMiercoles, Paro de profes en C.Navia, luis plaza mafioso de poca monta responsable, Bachelet se re√∫ne con la MAFIA, no recibe a los AFP"
767562565887066112,2016-08-22 03:22:30,"La soledad de la MAFIA es total, fracaso el gobierno y el parlamento, la corrupci√≥n los pudri√≥. en las municipales diremos UPA ¬°chalupa!"
767459228340592640,2016-08-21 20:31:53,"#nomasAFP Uni√≥n Patri√≥tica UPA- Pacto Justicia y Transparencia lista R, desde y con la gente:https://t.co/Qfnf0GTQ9g"
767066448174977024,2016-08-20 18:31:07,"RT @eduardo_artes: Bien toda la MAFIA desciende en la aprobaci√≥n de la gente, Bachelet, Larrain, Andrade con rechazo total, UPA ¬°CHALUPA!"
766689313492967424,2016-08-19 17:32:31,"Bien toda la MAFIA desciende en la aprobaci√≥n de la gente, Bachelet, Larrain, Andrade con rechazo total, UPA ¬°CHALUPA!"
766688336958423040,2016-08-19 17:28:38,https://t.co/FKLRFkvIHV
766687495241228289,2016-08-19 17:25:17,"RT @eduardo_artes: La ley que sanciona a la coluci√≥n, logro de la indignaci√≥n de las mayor√≠as,  la MAFIA fue obligada, no bajar la guardia,‚Ä¶"
766687251929726976,2016-08-19 17:24:19,"La ley que sanciona a la coluci√≥n, logro de la indignaci√≥n de las mayor√≠as,  la MAFIA fue obligada, no bajar la guardia, a leer letra chica"
766448744829186048,2016-08-19 01:36:35,"La pol√≠tica de UPA atrae a lo mejor de la gente, se est√°n sumado incluso candidatos de otros pactos, creceremos hasta vencer!"
766362601706184704,2016-08-18 19:54:17,RT @eduardo_artes: 03 Septiembre / 1er Encuentro Nacional de UPA https://t.co/OXDs4NgOC9
766359403289276416,2016-08-18 19:41:34,RT @FrenteTrabajoRD: Recibimos saludo de Eduardo Artes en foro lanzamiento @ARecuperarLaCUT
766359190071803905,2016-08-18 19:40:43,"RT @chile_upa: Algunos hablan del #DiaDeLaSolidaridad y defienden las AFP. Claro, pues confunden Solidaridad con la Caridad"
766329527945625601,2016-08-18 17:42:51,"se concentra el mal olor ¬°Hoy c√≥nclave de la nueva mayor√≠a y los frescos en la moneda, a costo de todos!"
765285541931868160,2016-08-15 20:34:26,"Fin a las AFP , Reparto solidario y de aporte tripartito https://t.co/C6wxPLm8DZ"
765283395916197888,2016-08-15 20:25:54,03 Septiembre / 1er Encuentro Nacional de UPA https://t.co/OXDs4NgOC9
765271393546174464,2016-08-15 19:38:12,RT @chile_upa: Exitosa entrega de las listas de candidatos en las #Municipales2016. Nuevas ideas para un Chile mejor #ChaoALaMafia https://‚Ä¶
